idUtilisateur,Login,ConnectionNumber
1,X00Sca7U,87
2,haNlbHPQ,42
3,db6PDzN5,71
4,Y4j9GMH0,61
5,GVo3WmOQ,43
6,htmeWPa9,97
7,3HbGIkmF,92
8,hWJG48k2,88
9,XvuK7boe,71
10,tCwCkBUx,66
11,l7oqMuW6,35
12,6MsMnnzB,95
13,CyN9dtyd,4
14,ftuQBiwx,85
15,hd5DLJdJ,68
16,TJRVSrqD,58
17,ESeo8iVy,71
18,wOmcMaiN,81
19,juneTCd4,41
20,tuSM60zG,36
21,pmmBLRPn,12
22,7yiC3fTA,93
23,zp9meUFr,92
24,T6ELKfRo,8
25,RrrJatIZ,48
26,7tQGIkoL,37
27,ba8ZmIln,55
28,g1aAhtmf,80
29,VyTA6ByO,8
30,Ce7Lj5li,11
31,lIoEWAYX,52
32,nF4by1ls,91
33,RUQiP5OB,26
34,9jXFmBKN,45
35,urykPW7C,40
36,N86Xiumb,49
37,AO7YpUc5,49
38,SgwFBPbh,49
39,jr74RVUy,78
40,TsrENQJU,4
41,7QIUddel,71
42,a6Nw6Lkb,63
43,fGwoh049,20
44,eTCghsj0,79
45,zRpjbNhS,24
46,cFxxTILs,72
47,SyXZXBYV,41
48,VHBLOCur,42
49,qdFwtBsk,94
50,ot2DUspx,9
51,xJVfiARm,96
52,mhbSFyBd,94
53,H0OSKYvo,13
54,aK7dvJZA,63
55,5RTKS0g6,41
56,qdDnONlb,56
57,Vgp7bnay,98
58,SOiQcgAY,76
59,zUFr5Vda,81
60,fbZe4sW8,55
61,0KymYFdV,67
62,esuRHMAu,35
63,VWKKkhgj,42
64,Rl1TekML,13
65,2aAefnYB,73
66,xRwTIIia,63
67,j1YHnEXH,29
68,Zs9eyWPc,15
69,P2xrqCDd,85
70,g5u3DQ96,72
71,WUyTDmHh,99
72,J54XoXth,67
73,aadn6dCi,26
74,62MButMh,79
75,JFZLI59m,3
76,IPOqwa5O,50
77,GhaQBitn,13
78,cUPgFmCT,30
79,sLhYQ7TX,76
80,C8GOUUHC,64
81,1vm5bwSH,49
82,2452Lxeo,96
83,gLU5xhEe,85
84,g5tZkxz3,21
85,yvFHls6X,15
86,zIJlmDWB,89
87,je4sXfd9,79
88,bSEvqsOy,98
89,TUFtcofV,50
90,pT4xlUmV,20
91,Sb5Kh3fT,41
92,2ibTJOK9,16
93,1XBWJG47,10
94,MXghreGy,38
95,VPbiMSQq,32
96,W7DBYVwE,40
97,HE10LCGq,72
98,0cOhPacj,67
99,4FXB2cIR,79
100,29wX5ozw,55
101,RZdUM2DV,39
102,QmaAfkIs,84
103,s72IiaLd,41
104,4sU2kjtg,54
105,zA2jhkAQ,9
106,A07pzqeL,77
107,d8SPl4cA,2
108,Zf7HWtnh,98
109,I0JsYhmN,57
110,8jXJCJES,9
111,vDsdxULX,18
112,F8vYcVQk,73
113,mYBWMROk,87
114,3YzKT4va,97
115,2BKKnt4N,46
116,zPexQpnu,0
117,aessMmhb,75
118,Ssw5G2Xx,50
119,xz2koOHW,25
120,54S4vdm1,68
121,Zf9QDr9h,64
122,0ugHwn9s,49
123,KBDaNj38,22
124,kmE11S7P,46
125,tj1ZIqQN,14
126,XHrZs8bj,73
127,n0LCEgaV,75
128,Fs4RX146,1
129,nfVHBJFZ,62
130,NsMldRxW,79
131,LNv1qT0e,79
132,WFlzEmIj,12
133,itl6j7tR,58
134,YvqsSPnd,65
135,fEmGbGIn,39
136,wKZBQhFm,45
137,RjP3DRen,91
138,51GeUGwp,16
139,e3pKj9GO,70
140,HMDHoKoy,27
141,kdUMZq1G,99
142,AjE7w7PE,46
143,ZTkNPAiz,62
144,4OHTca5K,16
145,f5xfvDtj,83
146,R8W8GTcd,14
147,IwjOXd1l,29
148,5Vb0ktcr,26
149,DJAB4pFY,55
150,t5RUKQSD,26
151,2NEJwhHs,90
152,MAnYBUB6,36
153,a5NAnXwz,92
154,AxL2Jmt7,87
155,EXGpQQx0,8
156,2jfc3yob,40
157,6FQ4G2YB,78
158,LODyHHdN,6
159,xRwTLWfi,40
160,LYoS4AxN,1
161,kZOVZ243,75
162,go1LByOf,49
163,kzGwoh18,26
164,ymXyLZwr,32
165,YcX29sHX,36
166,zaUWMU5w,7
167,p9qw8WaP,35
168,UQkZKDMR,61
169,8aiP5LrI,92
170,7dvMeDky,47
171,nNGR5I7k,96
172,uTOhKLrI,96
173,jZTjIwgB,89
174,je3qOBsk,92
175,h00Q5Iay,95
176,Jbz6DKG0,65
177,SNcqlkr3,64
178,GQ2s1AHz,47
179,gfjD5oxm,87
180,UjD5mqQM,6
181,BbY8Ap54,77
182,ivuNl8x6,60
183,kdTHCRjM,62
184,sNqykR92,42
185,B9MgO72D,73
186,peLVdaYf,99
187,SM61CRjN,72
188,TFujUtrF,70
189,8V3lmF37,15
190,0XzPgICO,87
191,zzYZUqeJ,63
192,CyM1F4dF,41
193,GxuEFeZ6,18
194,g9OrCAWL,69
195,OmbGImwn,96
196,k9AlMJ8k,92
197,gVDioT9S,65
198,hLQL8eyW,72
199,qi5nu95Q,61
200,cxSFyy0c,64
201,hP82EWB3,10
202,05dILv3B,54
203,wobBhtk6,16
204,aIVhvvRC,16
205,D27j5j8B,29
206,iYMQJZzH,50
207,37fLU4v9,92
208,NBq9k49o,20
209,ubkSgxIO,60
210,fJOHS6Ln,24
211,Jh2bExCh,22
212,Wo0F8yb7,70
213,Pm9y7Ox3,38
214,oatJ6661,48
215,1YE9HQX8,49
216,Ghd2oHbF,42
217,LT0cPppE,69
218,bbcjNRL7,93
219,XnQX3gYU,28
220,mkmGbGGg,92
221,tW6ylQ1s,90
222,MzlS90nK,27
223,MpAwJT6I,92
224,8dz1dTDk,43
225,O6V9Nqwc,12
226,Ehec8TUI,51
227,4bxZbNhR,15
228,NSRvLbrt,77
229,3klxuGMG,78
230,usEIt5QN,13
231,VAZ22Tfn,85
232,LEKFWyN7,88
233,Ih6v2wm5,0
234,qv2viMRN,11
235,N0tcrsMm,15
236,jsal5cCj,41
237,LT4v94Mu,78
238,7CyJPPtK,96
239,eB9Nmg3j,11
240,ffnXuppG,87
241,YzOcn7j4,5
242,IMAsmie4,38
243,lUn0IrRQ,30
244,DAUA3lqU,92
245,AtsGVqao,14
246,bOpqIavR,45
247,nPTNbjTl,72
248,fo68eA6B,37
249,HHh8EJu9,94
250,V7HXzM0y,46
251,gjCXNV5t,83
252,mHeSz2ig,6
253,c7TVN3Km,26
254,SXYQ8Yio,78
255,oWoXtl8u,73
256,Pk0Q1t85,73
257,1ie9RHMD,50
258,hfc6NuUV,60
259,RSDmLzp9,21
260,h6u0qWir,4
261,vL9kZP0l,45
262,PaciKIax,87
263,nF0Ra4Jf,72
264,wMcvMdz1,11
265,7BxIOMgQ,12
266,HvgDgc4B,45
267,6yhC3fUD,12
268,mOOsFOTR,29
269,yhyKXlHi,4
270,0e0cOgJH,1
271,BlLAttMj,93
272,moHbCoWm,67
273,VXRhFjoT,94
274,I30GhbTL,81
275,pYthN0wn,2
276,Dr8dvJZA,65
277,adodGE1Y,49
278,bPqrOAkJ,32
279,6SWUzVN4,61
280,uYd0g5w9,88
281,BKKke09D,34
282,vOpqJdJS,83
283,dUM0vm9w,82
284,cTIJjgd6,54
285,58fGxsx9,80
286,e8MlcRuJ,88
287,S3vckSdi,49
288,g9Py6H2V,22
289,YyIIiaOo,21
290,vhJDQ80q,81
291,r62KsSQq,29
292,PCq9iSlT,14
293,GmBJHbDr,99
294,gKLsMou6,69
295,Pni9K53P,64
296,nlqXivsC,39
297,KU8Px2oK,23
298,ztx7Ox5E,70
299,cen44Ytg,63
300,1ywMbqpB,45
301,7ArhWHt7,88
302,HeSwRy1i,9
303,eeiC4lnE,81
304,LJcFyA9P,34
305,UQm8ptYh,19
306,Kweo59kZ,69
307,7SQsAqcy,86
308,h9Mj27k7,26
309,BzUHAEmF,92
310,hYRfuy7K,12
311,ZVwDvru1,32
312,bkTlSb7R,66
313,ngZ2452N,51
314,Q2wkTmXy,59
315,U9RINI0I,28
316,SVPaevFD,83
317,WzQl4asE,54
318,pNBsk6nq,68
319,L77860wq,28
320,MqAxL2Kt,77
321,6xchD9IY,39
322,HF4eLYoR,85
323,jmHf1bFF,98
324,AlLFTjIt,88
325,F230Gg8F,64
326,RHMEJzuz,5
327,ccen2WoY,37
328,AaVWP6RT,50
329,wrv0oLuY,9
330,b1oIeQnd,58
331,WjzLWeca,89
332,CMROk0Vq,3
333,y2lr1BO5,66
334,HTddjJAy,69
335,sziB00Ti,44
336,YWB3jd0e,80
337,YOXc0f2h,0
338,Nk7rEPZj,29
339,9gIDP7Xf,8
340,hwBitmdQ,23
341,h2cKZyEp,76
342,fiCZWC6u,82
343,hhrctDCZ,82
344,KERa5Loy,22
345,7jZTlSa2,36
346,m453QTN8,94
347,YnQVVIEV,33
348,zaYdZaFI,23
349,G49mbHKw,6
350,n1S7PDvr,40
351,lSa1vgEk,36
352,uIUhvuPt,54
353,YzN4QQy4,38
354,lUmTgrgQ,14
355,NV6yhB17,23
356,qPGLCC5q,57
357,dJQREsdx,73
358,IG9vY8Cv,39
359,4whDbTHG,2
360,HNGThyM5,78
361,iunfWO6U,92
362,wdlUmTfp,94
363,9gIEUqhV,49
364,lAKPK79e,38
365,RxUN6Xhq,94
366,5Yr9fFpQ,73
367,KVb0ktez,82
368,27k6nnEX,51
369,kugJFYHp,62
370,yiBZXFil,52
371,eUJJlkr6,86
372,F39onviL,60
373,nrV8I0Jv,99
374,5NzkLH2W,27
375,amaBmOOu,65
376,tLgOacm3,84
377,HighsfLR,72
378,GBLT0dSB,6
379,aX8GOQEz,59
380,SY3bAegq,1
381,sBsmg3kj,29
382,9gHxrrJ9,25
383,tXcWXO3F,85
384,UkKBAZ21,70
385,5I8nid3s,79
386,e9VYVzTC,9
387,gmUfmVlN,64
388,tMj3cGCT,30
389,sLhUB6yg,38
390,L1DWGqU8,62
391,kbIS3wiK,50
392,VuuOsFOU,78
393,QfxL4RY5,23
394,wgAYZSgx,55
395,MCB0341K,36
396,en58gKMv,85
397,oMygutMl,2
398,K2NFPYe4,37
399,gyQofUFq,80
400,nPPy6GZH,20
401,zA6ylTgs,22
402,nywJYwvM,8
403,IIg1aBnV,16
404,Hltbm48g,59
405,QL9hMV6C,43
406,XQbgzTCe,1
407,0mDVzUEo,68
408,TKWjxAbX,95
409,v4DQ8Ykw,32
410,HTb6LmoF,88
411,3Wq8dxSA,97
412,Mk8x8UZ5,10
413,UB7BwFzI,52
414,7qzo7fLS,75
415,O84NBton,40
416,xNgKNAnW,30
417,k6mmwn9r,45
418,BZYJBGoM,43
419,rgO71yz0,2
420,K1GdRuGO,66
421,x3u84KpD,60
422,Klg7HWsh,70
423,kTjJxkUq,2
424,vQxY6pDK,50
425,VuuQy8Ox,90
426,yqj9BreE,26
427,Zxz2lpT3,31
428,2CNZpU8N,26
429,ymZHnEUt,28
430,FPZhitk5,9
431,SssOuTN8,98
432,9bjSeo7f,58
433,OEHnBKMv,85
434,nHcIOMi0,79
435,AXO4KmqR,74
436,LXlE5i5m,24
437,LsOzehxI,65
438,KaqqI7hU,41
439,WRhHs4OF,62
440,KeM1BMXg,16
441,FaIS6H43,72
442,8SMahMU1,4
443,OiUtvURr,27
444,I6dBbYbQ,34
445,Oqw93F0R,95
446,QHNJ8jXK,52
447,2Vp68bna,41
448,b1qRTJPN,17
449,7pwgyOgJ,56
450,ePkXD8FI,27
451,SVN5QQuK,97
452,hQfvCq8d,34
453,JXq5ZyFt,7
454,zY38mf09,37
455,3whHvgEk,31
456,gIDShEd0,2
457,K2NHZD3d,60
458,2GbHOOtJ,91
459,1KwciFly,40
460,0cNdyVQh,55
461,zyUHDVyP,17
462,21NNqym0,57
463,vcjMNuSM,95
464,4SZbL788,95
465,2F38j12V,18
466,OQBmQW18,30
467,KcCitmbG,51
468,bL5Yq5Ys,3
469,rrKeLYoU,6
470,ejIt3G6k,98
471,AjEcPpqG,87
472,XuryhzPk,82
473,LI9rzmXy,59
474,Vc5EP3CN,79
475,d5DIwiKH,92
476,btGNOx4z,30
477,sJ7eChnT,99
478,W6v3AEim,64
479,KarygwEx,39
480,0dTGAIEY,57
481,CHt5U6CB,87
482,cKWkE5ke,83
483,7tSM62Hc,62
484,ahLQL9hM,76
485,5wdmWwBj,43
486,RobBivvR,44
487,ivsEHpMu,81
488,e6ENQGHh,99
489,LbuK7al1,78
490,uuOopFYG,20
491,AGwm6gRk,76
492,trCAXQdo,1
493,wVTxRxY3,2
494,BkE7v1rW,6
495,8RJTaW5q,53
496,453T8QCr,0
497,k0R9ZmGb,54
498,MGSa3ESk,64
499,UWQgA1cK,80
500,r9fDhkCW,58
